{
    "MOTA": 0.9024104844371635, 
    "MOTP": 0.9822644218884227, 
    "false positive rate": 0.0021062485373274046, 
    "mismatch rate": 0.005148607535689211, 
    "miss rate": 0.0903346594898198, 
    "non-recoverable mismatch rate": 0.002808331383103206, 
    "recoverable mismatch rate": 0.00444652468991341, 
    "track precision": 1.0, 
    "track recall": 1.0
}