{
    "MOTA": 0.8918106686701728, 
    "MOTP": 0.7075216703777996, 
    "false positive rate": 0.02779864763335838, 
    "mismatch rate": 0.002066115702479339, 
    "miss rate": 0.07832456799398949, 
    "non-recoverable mismatch rate": 0.002066115702479339, 
    "recoverable mismatch rate": 0.0007513148009015778, 
    "track precision": 0.9166666666666666, 
    "track recall": 1.0
}