{
    "MOTA": 0.9014743739761292, 
    "MOTP": 0.7305654505480882, 
    "false positive rate": 0.0, 
    "mismatch rate": 0.0021062485373274046, 
    "miss rate": 0.09641937748654342, 
    "non-recoverable mismatch rate": 0.000936110461034402, 
    "recoverable mismatch rate": 0.0021062485373274046, 
    "track precision": 1.0, 
    "track recall": 1.0
}